<?xml version="1.0" encoding="UTF-8"?>
<project-private xmlns="http://www.netbeans.org/ns/project-private/1">
    <editor-bookmarks xmlns="http://www.netbeans.org/ns/editor-bookmarks/2" lastBookmarkId="0"/>
    <open-files xmlns="http://www.netbeans.org/ns/projectui-open-files/2">
        <group>
            <file>file:/C:/xampp7/htdocs/StylesCinema/comments.php</file>
            <file>file:/C:/xampp7/htdocs/StylesCinema/filmtypes/drama.php</file>
            <file>file:/C:/xampp7/htdocs/StylesCinema/addcompany.php</file>
            <file>file:/C:/xampp7/htdocs/StylesCinema/actor.php</file>
            <file>file:/C:/xampp7/htdocs/StylesCinema/filmtypes/ScienceF.php</file>
            <file>file:/C:/xampp7/htdocs/StylesCinema/pages.php</file>
            <file>file:/C:/xampp7/htdocs/StylesCinema/auth.class.php</file>
            <file>file:/C:/xampp7/htdocs/StylesCinema/filmtypes/create.sql</file>
            <file>file:/C:/xampp7/htdocs/StylesCinema/register.php</file>
            <file>file:/C:/xampp7/htdocs/StylesCinema/addfilm.php</file>
            <file>file:/C:/xampp7/htdocs/StylesCinema/filmtypes/insert.sql</file>
            <file>file:/C:/xampp7/htdocs/StylesCinema/statistics.php</file>
            <file>file:/C:/xampp7/htdocs/StylesCinema/login.php</file>
            <file>file:/C:/xampp7/htdocs/StylesCinema/films.php</file>
            <file>file:/C:/xampp7/htdocs/StylesCinema/adddirector.php</file>
        </group>
    </open-files>
</project-private>
