


INSERT INTO `producer_company`(`Company_ID`, `Company_Name`, `Company_Establishment`)
VALUES (1, "Walt Disney Company", 1923);

INSERT INTO `producer_company`(`Company_ID`, `Company_Name`, `Company_Establishment`) 
VALUES (2, "20th Century FOX", 1935);

INSERT INTO `producer_company`(`Company_ID`, `Company_Name`, `Company_Establishment`) 
VALUES (3, "Warner Bros", 1923);

INSERT INTO `producer_company`(`Company_ID`, `Company_Name`, `Company_Establishment`) 
VALUES (4, "Universal Studios", 1964);

INSERT INTO `producer_company`(`Company_ID`, `Company_Name`, `Company_Establishment`) 
VALUES (5, "DreamWorks SKG", 1994);

INSERT INTO `producer_company`(`Company_ID`, `Company_Name`, `Company_Establishment`) 
VALUES (6, "Paramount Pictures", 1912);

INSERT INTO `producer_company`(`Company_ID`, `Company_Name`, `Company_Establishment`) 
VALUES (7, "Sony Pictures Entertainment" ,1991);

INSERT INTO `producer_company`(`Company_ID`, `Company_Name`, `Company_Establishment`) 
VALUES (8, "Marvel Studios", 1993);

INSERT INTO `producer_company`(`Company_ID`, `Company_Name`, `Company_Establishment`) 
VALUES (9, "DC Comics", 1934);

INSERT INTO `producer_company`(`Company_ID`, `Company_Name`, `Company_Establishment`) 
VALUES (10, "Metro-Goldwyn-Mayer", 1924);

INSERT INTO `producer_company`(`Company_ID`, `Company_Name`, `Company_Establishment`) 
VALUES (11, "Columbia Pictures ", 1924);



INSERT INTO `film_person`(`Person_ID`, `Person_Name`,`Person_Banner`, `Person_Sex`,  `Director_Famous`, `Director_TotalFilm`, `Performor_Famous`, `Performer_StartYear`)
VALUES (1,"Chris Evans","http://www.kulturelmasi.com/wp-content/uploads/2015/09/Chris-Evans-012.jpg", "M",  NULL, NULL, 3, "1997");
INSERT INTO `film_person`(`Person_ID`, `Person_Name`,`Person_Banner`, `Person_Sex`,  `Director_Famous`, `Director_TotalFilm`, `Performor_Famous`, `Performer_StartYear`)
VALUES (2, "Scarlett Johanson", "https://i0.wp.com/conversationsabouther.net/wp-content/uploads/2014/04/Scarlett-Johansson.jpg?resize=710%2C532", "W",   NULL, NULL, 5, "1995");

INSERT INTO `film_person`(`Person_ID`, `Person_Name`,`Person_Banner`, `Person_Sex`,  `Director_Famous`, `Director_TotalFilm`, `Performor_Famous`, `Performer_StartYear`)
VALUES (3, "Robert Downey Jr.","http://www.celebritybeliefs.com/wp-content/uploads/2016/06/robert-downey-jr-beliefs-religion-hobbies-300x184.jpg", "M",  NULL, NULL, 3, "1978");

INSERT INTO `film_person`(`Person_ID`, `Person_Name`,`Person_Banner`, `Person_Sex`,  `Director_Famous`, `Director_TotalFilm`, `Performor_Famous`, `Performer_StartYear`)
VALUES (4, "Mark Ruffalo", "https://images-na.ssl-images-amazon.com/images/M/MV5BMTI5MjMwNjAzNF5BMl5BanBnXkFtZTcwMzkyNDg1Mw@@._V1_UX214_CR0,0,214,317_AL_.jpg", "M",  NULL, NULL, 4, "1993");
INSERT INTO `film_person`(`Person_ID`, `Person_Name`,`Person_Banner`, `Person_Sex`,  `Director_Famous`, `Director_TotalFilm`, `Performor_Famous`, `Performer_StartYear`)
VALUES (5, "Jeremy Renner", "https://capitolfile-magazine.com/get/files/image/migration/11191_content_jeremy-renner-1.jpg","W",  NULL, NULL, 2, "1989");
INSERT INTO `film_person`(`Person_ID`, `Person_Name`,`Person_Banner`, `Person_Sex`,  `Director_Famous`, `Director_TotalFilm`, `Performor_Famous`, `Performer_StartYear`)
VALUES (6, "Chris Hemsworth", "http://thestudioexec.com/wp-content/uploads/2015/11/happy-birthday-chris-8-things-you-didn-t-know-about-mr-hemsworth-aka-thor-god-of-thund-560217.jpg", "M",  NULL, NULL, 3, "1990");
INSERT INTO `film_person`(`Person_ID`, `Person_Name`,`Person_Banner`, `Person_Sex`,  `Director_Famous`, `Director_TotalFilm`, `Performor_Famous`, `Performer_StartYear`)
VALUES (7, "Jennifer Lawrence","https://upload.wikimedia.org/wikipedia/commons/thumb/0/0b/Jennifer_Lawrence_SDCC_2015_X-Men.jpg/458px-Jennifer_Lawrence_SDCC_2015_X-Men.jpg", "W",  NULL, NULL, 5, "2005");
INSERT INTO `film_person`(`Person_ID`, `Person_Name`,`Person_Banner`, `Person_Sex`,  `Director_Famous`, `Director_TotalFilm`, `Performor_Famous`, `Performer_StartYear`)
VALUES (8, "Josh Hutcherson", "https://youngcelebritynews.files.wordpress.com/2014/01/josh-hutcherson-1.png?w=237&h=300", "M",  NULL, NULL, 4, "2001");
INSERT INTO `film_person`(`Person_ID`, `Person_Name`,`Person_Banner`, `Person_Sex`,  `Director_Famous`, `Director_TotalFilm`, `Performor_Famous`, `Performer_StartYear`)
VALUES (9, "Liam Hemsworth", "https://images-na.ssl-images-amazon.com/images/M/MV5BMTQ5ODI0MDc4M15BMl5BanBnXkFtZTgwNTM5MDk3MTE@._V1_UX214_CR0,0,214,317_AL_.jpg", "M",  NULL, NULL, 3, "1997");
INSERT INTO `film_person`(`Person_ID`, `Person_Name`,`Person_Banner`, `Person_Sex`,  `Director_Famous`, `Director_TotalFilm`, `Performor_Famous`, `Performer_StartYear`)
VALUES (10, "Shailene Woodley", "https://upload.wikimedia.org/wikipedia/commons/thumb/0/04/Shailene_Woodley_2014.jpg/220px-Shailene_Woodley_2014.jpg", "W" ,  NULL, NULL, 5, "1999");
INSERT INTO `film_person`(`Person_ID`, `Person_Name`,`Person_Banner`, `Person_Sex`,  `Director_Famous`, `Director_TotalFilm`, `Performor_Famous`, `Performer_StartYear`)
VALUES (11, "Theo James", "https://upload.wikimedia.org/wikipedia/commons/thumb/5/52/Theo_James_Divergent_premiere.jpg/220px-Theo_James_Divergent_premiere.jpg", "M",  NULL, NULL, 5, "2000");


INSERT INTO `film_person`(`Person_ID`, `Person_Name`,`Person_Banner`, `Person_Sex`,  `Director_Famous`, `Director_TotalFilm`, `Performor_Famous`, `Performer_StartYear`)
VALUES (12, "Steven Spielberg", "https://images-na.ssl-images-amazon.com/images/M/MV5BMTY1NjAzNzE1MV5BMl5BanBnXkFtZTYwNTk0ODc0._V1_UX214_CR0,0,214,317_AL_.jpg", "M",  0, 22, NULL, NULL);
INSERT INTO `film_person`(`Person_ID`, `Person_Name`,`Person_Banner`, `Person_Sex`,  `Director_Famous`, `Director_TotalFilm`, `Performor_Famous`, `Performer_StartYear`)
VALUES (13, "Quentin Tarantino", "https://upload.wikimedia.org/wikipedia/commons/thumb/b/be/Tarantino%2C_Quentin_%28Scream1%29.jpg/220px-Tarantino%2C_Quentin_%28Scream1%29.jpg", "M",  0, 31, NULL, NULL);
INSERT INTO `film_person`(`Person_ID`, `Person_Name`,`Person_Banner`, `Person_Sex`,  `Director_Famous`, `Director_TotalFilm`, `Performor_Famous`, `Performer_StartYear`)
VALUES (14, "Alfred Hitchcock", "https://upload.wikimedia.org/wikipedia/commons/thumb/9/94/Hitchcock%2C_Alfred_02.jpg/220px-Hitchcock%2C_Alfred_02.jpg", "M",  0, 42, NULL, NULL);
INSERT INTO `film_person`(`Person_ID`, `Person_Name`,`Person_Banner`, `Person_Sex`,  `Director_Famous`, `Director_TotalFilm`, `Performor_Famous`, `Performer_StartYear`)
VALUES (15, "Charlie Chaplin", "https://upload.wikimedia.org/wikipedia/commons/thumb/3/34/Charlie_Chaplin_portrait.jpg/220px-Charlie_Chaplin_portrait.jpg", "M",  0, 39, NULL, NULL);


INSERT INTO `film_person`(`Person_ID`, `Person_Name`,`Person_Sex`,  `Crew`,`Person_Banner`, `Director_Famous`, `Director_TotalFilm`, `Performor_Famous`, `Performer_StartYear`)
VALUES (16, "Kamil ÜNSAL", "M", true, NULL, NULL, NULL, NULL, NULL);
INSERT INTO `film_person`(`Person_ID`, `Person_Name`,`Person_Sex`,  `Crew`, `Person_Banner`,`Director_Famous`, `Director_TotalFilm`, `Performor_Famous`, `Performer_StartYear`)
VALUES (17, "Kaan Tokgoz", "M", true,NULL, NULL, NULL, NULL, NULL);
INSERT INTO `film_person`(`Person_ID`, `Person_Name`,`Person_Sex`,   `Crew`,`Person_Banner`, `Director_Famous`, `Director_TotalFilm`, `Performor_Famous`, `Performer_StartYear`)
VALUES (18, "Damla Kaplan", "M", true, NULL, NULL, NULL, NULL, NULL);
INSERT INTO `film_person`(`Person_ID`, `Person_Name`,`Person_Sex`,  `Crew`, `Person_Banner`, `Director_Famous`, `Director_TotalFilm`, `Performor_Famous`, `Performer_StartYear`)
VALUES (19, "Merve Arslan", "W", true, NULL, NULL, NULL, NULL, NULL);
INSERT INTO `film_person`(`Person_ID`, `Person_Name`,`Person_Sex`,  `Crew`, `Person_Banner`, `Director_Famous`, `Director_TotalFilm`, `Performor_Famous`, `Performer_StartYear`)
VALUES (20, "Ahmet Paker", "M", true, NULL, NULL, NULL, NULL, NULL);



INSERT INTO `film_type`(`Type_ID`, `Romantic`) VALUES (1,"Romantic");
INSERT INTO `film_type`(`Type_ID`, `Adventure`) VALUES (2,"Adventure");
INSERT INTO `film_type`(`Type_ID`, `Comedy`) VALUES (3,"Comedy");
INSERT INTO `film_type`(`Type_ID`, `Drama`) VALUES (4,"Drama");
INSERT INTO `film_type`(`Type_ID`, `Horror`) VALUES (5,"Horror");
INSERT INTO `film_type`(`Type_ID`, `Action`) VALUES (6,"Action");
INSERT INTO `film_type`(`Type_ID`, `Animated`) VALUES (7,"Animated");
INSERT INTO `film_type`(`Type_ID`, `Science Fiction`) VALUES (8, "Science Fiction");
INSERT INTO `film_type`(`Type_ID`, `Historical`) VALUES (9, "Historical");
INSERT INTO `film_type`(`Type_ID`, `Thriller`) VALUES (10, "Thriller");


	INSERT INTO `cinema_films`(`Film_ID`, `Film_Name`, `Film_Duration`, `Film_Title`, `Film_Information`, `Film_Banner`, `Showing`, `ComingSoon`) 
	VALUES (1, "Deadpool",  "02:00", "Deadpool", "Good film", "http://intlportal2.s3.foxfilm.com/intlportal2/dev-temp/es-ES/__57232cce09bf7-f6594565b9353ff6666523497408062e8fb2e160-fff3f0c0c0f0fbff.jpg", false, false ); 

	INSERT INTO `cinema_films`(`Film_ID`, `Film_Name`, `Film_Duration`, `Film_Title`, `Film_Information`, `Film_Banner`, `Showing`, `ComingSoon`) 
	VALUES (2, "Matrix",  "02:40", "Matrix", "Good film", "https://images-na.ssl-images-amazon.com/images/M/MV5BMDMyMmQ5YzgtYWMxOC00OTU0LWIwZjEtZWUwYTY5MjVkZjhhXkEyXkFqcGdeQXVyNDYyMDk5MTU@._V1_SY1000_CR0,0,723,1000_AL_.jpg",false, false ); 
	INSERT INTO `cinema_films`(`Film_ID`, `Film_Name`, `Film_Duration`, `Film_Title`, `Film_Information`, `Film_Banner`, `Showing`, `ComingSoon`) 
	VALUES (3, "Interstellar",  "02:40", "Interstellar", "Very good film", "https://images-na.ssl-images-amazon.com/images/M/MV5BMjIxNTU4MzY4MF5BMl5BanBnXkFtZTgwMzM4ODI3MjE@._V1_SY1000_CR0,0,640,1000_AL_.jpg",false, false ); 
	INSERT INTO `cinema_films`(`Film_ID`, `Film_Name`, `Film_Duration`, `Film_Title`, `Film_Information`, `Film_Banner`, `Showing`, `ComingSoon`) 
	VALUES (4, "3 Idiots",  "02:40", "3 Idiots", "Good film", "https://images-na.ssl-images-amazon.com/images/M/MV5BZWRlNDdkNzItMzhlZC00YTdmLWIwNjktYjY5NjQ1ZmQ3N2FkXkEyXkFqcGdeQXVyNjU0OTQ0OTY@._V1_SY1000_CR0,0,747,1000_AL_.jpg",false, false ); 
	INSERT INTO `cinema_films`(`Film_ID`, `Film_Name`, `Film_Duration`, `Film_Title`, `Film_Information`, `Film_Banner`, `Showing`, `ComingSoon`) 
	VALUES (5, "Amelie",  "02:40", "Amelie", "Good film", "https://images-na.ssl-images-amazon.com/images/M/MV5BMTA3MjVkMWMtYTQ4ZC00ODczLWFjYmQtMDFkZDQ2Y2M0NDVmXkEyXkFqcGdeQXVyMTQxNzMzNDI@._V1_SY1000_CR0,0,672,1000_AL_.jpg",false, false ); 
	
	INSERT INTO `cinema_films`(`Film_ID`, `Film_Name`, `Film_Duration`, `Film_Title`, `Film_Information`, `Film_Banner`, `Showing`, `ComingSoon`) 
	VALUES (6, "Titanic",  "02:34", "Titanic", "Good film but ı do not like it", "https://images-na.ssl-images-amazon.com/images/M/MV5BZDNiMjE0NDgtZWRhNC00YTlhLTk2ZjItZTQzNTU2NjAzNWNkXkEyXkFqcGdeQXVyNjUwNzk3NDc@._V1_UX182_CR0,0,182,268_AL_.jpg",false,false ); 
	INSERT INTO `cinema_films`(`Film_ID`, `Film_Name`, `Film_Duration`, `Film_Title`, `Film_Information`, `Film_Banner`, `Showing`, `ComingSoon`) 
	VALUES (7, "Star Wars",  "02:52", "Star Wars", "Good film", "https://images-na.ssl-images-amazon.com/images/M/MV5BYmViY2M2MTYtY2MzOS00YjQ1LWIzYmEtOTBiNjhlMGM0NjZjXkEyXkFqcGdeQXVyNDYyMDk5MTU@._V1_SY1000_CR0,0,644,1000_AL_.jpg" , false, false ); 
	INSERT INTO `cinema_films`(`Film_ID`, `Film_Name`, `Film_Duration`, `Film_Title`, `Film_Information`, `Film_Banner`, `Showing`, `ComingSoon`) 
	VALUES (11, "Forrest Gump",  "02:40", "Forrest Gump", "Good film", "https://images-na.ssl-images-amazon.com/images/M/MV5BYThjM2MwZGMtMzg3Ny00NGRkLWE4M2EtYTBiNWMzOTY0YTI4XkEyXkFqcGdeQXVyNDYyMDk5MTU@._V1_SY1000_CR0,0,757,1000_AL_.jpg",false, false ); 
	
	INSERT INTO `cinema_films`(`Film_ID`, `Film_Name`, `Film_Duration`, `Film_Title`, `Film_Information`, `Film_Banner`, `Showing`, `ComingSoon`) 
	VALUES (8, "The Pianist",  "02:40", "The Pianist", "Good film", "https://images-na.ssl-images-amazon.com/images/M/MV5BOWRiZDIxZjktMTA1NC00MDQ2LWEzMjUtMTliZmY3NjQ3ODJiXkEyXkFqcGdeQXVyNjU0OTQ0OTY@._V1_SY1000_CR0,0,724,1000_AL_.jpg", false, false);
	
	INSERT INTO `cinema_films`(`Film_ID`, `Film_Name`, `Film_Duration`, `Film_Title`, `Film_Information`, `Film_Banner`, `Showing`, `ComingSoon`) 
	VALUES (9, "Casino",  "02:40", "Casino", "Good film","https://images-na.ssl-images-amazon.com/images/M/MV5BMTcxOWYzNDYtYmM4YS00N2NkLTk0NTAtNjg1ODgwZjAxYzI3XkEyXkFqcGdeQXVyNTA4NzY1MzY@._V1_SY1000_CR0,0,666,1000_AL_.jpg", false,false);
	
	INSERT INTO `cinema_films`(`Film_ID`, `Film_Name`, `Film_Duration`, `Film_Title`, `Film_Information`, `Film_Banner`, `Showing`, `ComingSoon`) 
	VALUES (10, "Yojimbo",  "02:40", "Yojimbo", "Good film", "https://images-na.ssl-images-amazon.com/images/M/MV5BMjAwNTQ3ODUyMl5BMl5BanBnXkFtZTgwNDg5ODQyNjE@._V1_.jpg",false, false);
	
        INSERT INTO `cinema_films`(`Film_ID`, `Film_Name`, `Film_Duration`, `Film_Title`, `Film_Information`, `Film_Banner`, `Showing`, `ComingSoon`) 
	VALUES (12, "Passengers",  "01:56", "Passengers", "Good film","https://images-na.ssl-images-amazon.com/images/M/MV5BMTk4MjU3MDIzOF5BMl5BanBnXkFtZTgwMjM2MzY2MDI@._V1_SY1000_CR0,0,675,1000_AL_.jpg", false, false);

        INSERT INTO `cinema_films`(`Film_ID`, `Film_Name`, `Film_Duration`, `Film_Title`, `Film_Information`, `Film_Banner`, `Showing`, `ComingSoon`) 
	VALUES (13, "Fight Club",  "02:40", "Fight Club", "Good film","https://images-na.ssl-images-amazon.com/images/M/MV5BNGM2NjQxZTAtMmU5My00YTk5LWFmOWMtYjZlYzk4YzMwNjFlXkEyXkFqcGdeQXVyNDk3NzU2MTQ@._V1_SY1000_CR0,0,666,1000_AL_.jpg",false,false);
	
	INSERT INTO `cinema_films`(`Film_ID`, `Film_Name`, `Film_Duration`, `Film_Title`, `Film_Information`, `Film_Banner`, `Showing`, `ComingSoon`) 
	VALUES (14, "The Green Mile",  "03:09", "The Green Mile", "Good film","https://images-na.ssl-images-amazon.com/images/M/MV5BMTUxMzQyNjA5MF5BMl5BanBnXkFtZTYwOTU2NTY3._V1_UX182_CR0,0,182,268_AL_.jpg", false, false);
	

        INSERT INTO `cinema_films`(`Film_ID`, `Film_Name`, `Film_Duration`, `Film_Title`, `Film_Information`, `Film_Banner`, `Showing`, `ComingSoon`) 
	VALUES (15, "Gladiator",  "01:47", "Gladiator", "Good film","https://images-na.ssl-images-amazon.com/images/M/MV5BMTgwMzQzNTQ1Ml5BMl5BanBnXkFtZTgwMDY2NTYxMTE@._V1_UX182_CR0,0,182,268_AL_.jpg", false, false);


        INSERT INTO `cinema_films`(`Film_ID`, `Film_Name`, `Film_Duration`, `Film_Title`, `Film_Information`, `Film_Banner`, `Showing`, `ComingSoon`) 
	VALUES (16, "The Prestige",  "01:58", "The Prestige", "Good film","https://images-na.ssl-images-amazon.com/images/M/MV5BMjA4NDI0MTIxNF5BMl5BanBnXkFtZTYwNTM0MzY2._V1_UX182_CR0,0,182,268_AL_.jpg", false, false);
        
        INSERT INTO `cinema_films`(`Film_ID`, `Film_Name`, `Film_Duration`, `Film_Title`, `Film_Information`, `Film_Banner`, `Showing`, `ComingSoon`) 
	VALUES (17, "Princess Mononoke",  "01:47", "The Green Mile", "Good film","https://images-na.ssl-images-amazon.com/images/M/MV5BYTU2YjNmN2UtMTkyYS00YTFhLWJkM2QtODNhODE0OGQzMDQ3XkEyXkFqcGdeQXVyNTA4NzY1MzY@._V1_UX182_CR0,0,182,268_AL_.jpg", false, false);
        
        INSERT INTO `cinema_films`(`Film_ID`, `Film_Name`, `Film_Duration`, `Film_Title`, `Film_Information`, `Film_Banner`, `Showing`, `ComingSoon`) 
	VALUES (18, "Arrival",  "01:56", "Arrival", "Good film","https://images-na.ssl-images-amazon.com/images/M/MV5BMTExMzU0ODcxNDheQTJeQWpwZ15BbWU4MDE1OTI4MzAy._V1_UX182_CR0,0,182,268_AL_.jpg", false, false);
        
        INSERT INTO `cinema_films`(`Film_ID`, `Film_Name`, `Film_Duration`, `Film_Title`, `Film_Information`, `Film_Banner`, `Showing`, `ComingSoon`) 
	VALUES (19, "A Beatiful Mind",  "02:15", "A Beatiful Mind", "Good film","https://images-na.ssl-images-amazon.com/images/M/MV5BMzcwYWFkYzktZjAzNC00OGY1LWI4YTgtNzc5MzVjMDVmNjY0XkEyXkFqcGdeQXVyMTQxNzMzNDI@._V1_UX182_CR0,0,182,268_AL_.jpg", false, false);
        
        INSERT INTO `cinema_films`(`Film_ID`, `Film_Name`, `Film_Duration`, `Film_Title`, `Film_Information`, `Film_Banner`, `Showing`, `ComingSoon`) 
	VALUES (20, "Finding Memo",  "01:40", "Finding Memo", "Good film","https://images-na.ssl-images-amazon.com/images/M/MV5BZTAzNWZlNmUtZDEzYi00ZjA5LWIwYjEtZGM1NWE1MjE4YWRhXkEyXkFqcGdeQXVyNjU0OTQ0OTY@._V1_UX182_CR0,0,182,268_AL_.jpg", false, false);
        
        INSERT INTO `cinema_films`(`Film_ID`, `Film_Name`, `Film_Duration`, `Film_Title`, `Film_Information`, `Film_Banner`, `Showing`, `ComingSoon`) 
	VALUES (21, "Monsters",  "01:32", "Monsters", "Good film","https://images-na.ssl-images-amazon.com/images/M/MV5BMTY1NTI0ODUyOF5BMl5BanBnXkFtZTgwNTEyNjQ0MDE@._V1_UX182_CR0,0,182,268_AL_.jpg", false, false);

        INSERT INTO `cinema_films`(`Film_ID`, `Film_Name`, `Film_Duration`, `Film_Title`, `Film_Information`, `Film_Banner`, `Showing`, `ComingSoon`) 
	VALUES (22, "Savage High",  "01:30", "Savage High", "Good film","https://images-na.ssl-images-amazon.com/images/M/MV5BMTEwOTkzOTM2NzZeQTJeQWpwZ15BbWU4MDk2MDU1MDUx._V1_UY268_CR9,0,182,268_AL_.jpg",false,false);

        INSERT INTO `cinema_films`(`Film_ID`, `Film_Name`, `Film_Duration`, `Film_Title`, `Film_Information`, `Film_Banner`, `Showing`, `ComingSoon`) 
	VALUES (23, "Mar Inquieto",  "01:32", "Mar Inquieto", "Good film","https://images-na.ssl-images-amazon.com/images/M/MV5BZTY2ODg2OTEtNjkwMS00YTZlLTk3MjgtZDYwOTkxN2VjODQxXkEyXkFqcGdeQXVyMTg2MTUyNzY@._V1_UY268_CR3,0,182,268_AL_.jpg",false,false);
        
        INSERT INTO `cinema_films`(`Film_ID`, `Film_Name`, `Film_Duration`, `Film_Title`, `Film_Information`, `Film_Banner`, `Showing`, `ComingSoon`) 
	VALUES (24, "Welcome Home",  "00:12", "Monsters", "Good film","https://images-na.ssl-images-amazon.com/images/M/MV5BOWUwNjU0MjEtMDYxOS00YTlhLWEwYWYtMjU1ZTcxOThjNGZjXkEyXkFqcGdeQXVyNDg0Mzg0NDk@._V1_UY268_CR3,0,182,268_AL_.jpg",false,false);
	

        INSERT INTO `manage`(`Person_ID`, `Film_ID`) VALUES (12,2);
	INSERT INTO `manage`(`Person_ID`, `Film_ID`) VALUES (12,3);
	INSERT INTO `manage`(`Person_ID`, `Film_ID`) VALUES (15,1);
	INSERT INTO `manage`(`Person_ID`, `Film_ID`) VALUES (13,4);
	INSERT INTO `manage`(`Person_ID`, `Film_ID`) VALUES (12,8);
	INSERT INTO `manage`(`Person_ID`, `Film_ID`) VALUES (14,6);
	INSERT INTO `manage`(`Person_ID`, `Film_ID`) VALUES (15,3);
	INSERT INTO `manage`(`Person_ID`, `Film_ID`) VALUES (13,5);
	INSERT INTO `manage`(`Person_ID`, `Film_ID`) VALUES (12,5);
	INSERT INTO `manage`(`Person_ID`, `Film_ID`) VALUES (14,3);
	INSERT INTO `manage`(`Person_ID`, `Film_ID`) VALUES (13,9);
	
	
	
	
	
	INSERT INTO `act`(`Person_ID`, `Film_ID`) VALUES ( 1, 2);
	INSERT INTO `act`(`Person_ID`, `Film_ID`) VALUES (2,3);
	INSERT INTO `act`(`Person_ID`, `Film_ID`) VALUES (5, 1);
	INSERT INTO `act`(`Person_ID`, `Film_ID`) VALUES (3,4);
	INSERT INTO `act`(`Person_ID`, `Film_ID`) VALUES (2,8);
	INSERT INTO `act`(`Person_ID`, `Film_ID`) VALUES (8,6);
	INSERT INTO `act`(`Person_ID`, `Film_ID`) VALUES (9,3);
	INSERT INTO `act`(`Person_ID`, `Film_ID`) VALUES (2,5);
	INSERT INTO `act`(`Person_ID`, `Film_ID`) VALUES (7,5);
	INSERT INTO `act`(`Person_ID`, `Film_ID`) VALUES (5,3);
	INSERT INTO `act`(`Person_ID`, `Film_ID`) VALUES (3,9);
	
	
	INSERT INTO `typing`(`Type_ID`, `Film_ID`) VALUES (6,1);
	INSERT INTO `typing`(`Type_ID`, `Film_ID`) VALUES (3,1);
	
	INSERT INTO `typing`(`Type_ID`, `Film_ID`) VALUES (2,2);
	INSERT INTO `typing`(`Type_ID`, `Film_ID`) VALUES (6,2);
	INSERT INTO `typing`(`Type_ID`, `Film_ID`) VALUES (8,2);
	

	INSERT INTO `typing`(`Type_ID`, `Film_ID`) VALUES (2,3);
	INSERT INTO `typing`(`Type_ID`, `Film_ID`) VALUES (4,3);
	INSERT INTO `typing`(`Type_ID`, `Film_ID`) VALUES (8,3);

	
	INSERT INTO `typing`(`Type_ID`, `Film_ID`) VALUES (3,4);
	
	INSERT INTO `typing`(`Type_ID`, `Film_ID`) VALUES (4,5);
	INSERT INTO `typing`(`Type_ID`, `Film_ID`) VALUES (1,5);
	
	
	INSERT INTO `typing`(`Type_ID`, `Film_ID`) VALUES (4,6);
	INSERT INTO `typing`(`Type_ID`, `Film_ID`) VALUES (1,6);
	INSERT INTO `typing`(`Type_ID`, `Film_ID`) VALUES (9,6);


	
	INSERT INTO `typing`(`Type_ID`, `Film_ID`) VALUES (2,7);
	INSERT INTO `typing`(`Type_ID`, `Film_ID`) VALUES (6,7);
	INSERT INTO `typing`(`Type_ID`, `Film_ID`) VALUES (8,7);

	
	
	INSERT INTO `typing`(`Type_ID`, `Film_ID`) VALUES (4,8);
	INSERT INTO `typing`(`Type_ID`, `Film_ID`) VALUES (9,8);

	
	INSERT INTO `typing`(`Type_ID`, `Film_ID`) VALUES (4,9);
	
	INSERT INTO `typing`(`Type_ID`, `Film_ID`) VALUES (3,10);
	INSERT INTO `typing`(`Type_ID`, `Film_ID`) VALUES (6,10);
	INSERT INTO `typing`(`Type_ID`, `Film_ID`) VALUES (4,10);
	
	INSERT INTO `typing`(`Type_ID`, `Film_ID`) VALUES (1,11);
	INSERT INTO `typing`(`Type_ID`, `Film_ID`) VALUES (3,11);
	INSERT INTO `typing`(`Type_ID`, `Film_ID`) VALUES (4,11);

	INSERT INTO `typing`(`Type_ID`, `Film_ID`) VALUES (1,12);
	INSERT INTO `typing`(`Type_ID`, `Film_ID`) VALUES (2,12);
	INSERT INTO `typing`(`Type_ID`, `Film_ID`) VALUES (6,12);
	INSERT INTO `typing`(`Type_ID`, `Film_ID`) VALUES (8,12);



        INSERT INTO `typing`(`Type_ID`, `Film_ID`) VALUES (4,13);

        INSERT INTO `typing`(`Type_ID`, `Film_ID`) VALUES (4,14);

    

	INSERT INTO `typing`(`Type_ID`, `Film_ID`) VALUES (2,15);
        INSERT INTO `typing`(`Type_ID`, `Film_ID`) VALUES (4,15);
        INSERT INTO `typing`(`Type_ID`, `Film_ID`) VALUES (6,15);

        INSERT INTO `typing`(`Type_ID`, `Film_ID`) VALUES (4,16);
        INSERT INTO `typing`(`Type_ID`, `Film_ID`) VALUES (8,16);

        INSERT INTO `typing`(`Type_ID`, `Film_ID`) VALUES (2,17);
        INSERT INTO `typing`(`Type_ID`, `Film_ID`) VALUES (7,17);

        INSERT INTO `typing`(`Type_ID`, `Film_ID`) VALUES (4,18);
        INSERT INTO `typing`(`Type_ID`, `Film_ID`) VALUES (8,18);


        INSERT INTO `typing`(`Type_ID`, `Film_ID`) VALUES (4,19);

        INSERT INTO `typing`(`Type_ID`, `Film_ID`) VALUES (2,20);
        INSERT INTO `typing`(`Type_ID`, `Film_ID`) VALUES (3,20);
        INSERT INTO `typing`(`Type_ID`, `Film_ID`) VALUES (7,20);

        INSERT INTO `typing`(`Type_ID`, `Film_ID`) VALUES (2,21);
        INSERT INTO `typing`(`Type_ID`, `Film_ID`) VALUES (3,21);
        INSERT INTO `typing`(`Type_ID`, `Film_ID`) VALUES (7,21);


        INSERT INTO `typing`(`Type_ID`, `Film_ID`) VALUES (5,22);
        INSERT INTO `typing`(`Type_ID`, `Film_ID`) VALUES (5,23);
        INSERT INTO `typing`(`Type_ID`, `Film_ID`) VALUES (10,23);
        INSERT INTO `typing`(`Type_ID`, `Film_ID`) VALUES (5,24);
        INSERT INTO `typing`(`Type_ID`, `Film_ID`) VALUES (10,24);


	
	INSERT INTO `make`(`Company_ID`, `Film_ID`, `Make_Date`) VALUES (1,1,2016);
	INSERT INTO `make`(`Company_ID`, `Film_ID`, `Make_Date`) VALUES (2,2,1999);
	INSERT INTO `make`(`Company_ID`, `Film_ID`, `Make_Date`) VALUES (3,3,2014);
	INSERT INTO `make`(`Company_ID`, `Film_ID`, `Make_Date`) VALUES (4,4,2009);
	INSERT INTO `make`(`Company_ID`, `Film_ID`, `Make_Date`) VALUES (5,5,2009);
	INSERT INTO `make`(`Company_ID`, `Film_ID`, `Make_Date`) VALUES (6,6,1997);
	INSERT INTO `make`(`Company_ID`, `Film_ID`, `Make_Date`) VALUES (7,7,1999);
	INSERT INTO `make`(`Company_ID`, `Film_ID`, `Make_Date`) VALUES (8,8,2002);
	INSERT INTO `make`(`Company_ID`, `Film_ID`, `Make_Date`) VALUES (9,9,1995);
	INSERT INTO `make`(`Company_ID`, `Film_ID`, `Make_Date`) VALUES (10,10,1961);
	INSERT INTO `make`(`Company_ID`, `Film_ID`, `Make_Date`) VALUES (11,11,1994);
	
	INSERT INTO `rate`(`Rate_ID`, `Rate_Size`, `Rate_Sum`) VALUES (1,5,1);
	INSERT INTO `rate`(`Rate_ID`, `Rate_Size`, `Rate_Sum`) VALUES (2,5,2);
	INSERT INTO `rate`(`Rate_ID`, `Rate_Size`, `Rate_Sum`) VALUES (3,5,3);
	INSERT INTO `rate`(`Rate_ID`, `Rate_Size`, `Rate_Sum`) VALUES (4,5,4);
	INSERT INTO `rate`(`Rate_ID`, `Rate_Size`, `Rate_Sum`) VALUES (5,5,5);
	
	INSERT INTO `rating`(`Rate_ID`, `Film_ID`) VALUES (5,1);
	INSERT INTO `rating`(`Rate_ID`, `Film_ID`) VALUES (3,1);
	INSERT INTO `rating`(`Rate_ID`, `Film_ID`) VALUES (5,1);
	
	INSERT INTO `rating`(`Rate_ID`, `Film_ID`) VALUES (2,2);
	INSERT INTO `rating`(`Rate_ID`, `Film_ID`) VALUES (5,2);
	INSERT INTO `rating`(`Rate_ID`, `Film_ID`) VALUES (3,2);
	INSERT INTO `rating`(`Rate_ID`, `Film_ID`) VALUES (4,2);
	
	
	INSERT INTO `rating`(`Rate_ID`, `Film_ID`) VALUES (4,3);
	INSERT INTO `rating`(`Rate_ID`, `Film_ID`) VALUES (3,3);
	INSERT INTO `rating`(`Rate_ID`, `Film_ID`) VALUES (5,3);
	INSERT INTO `rating`(`Rate_ID`, `Film_ID`) VALUES (5,3);
	
	INSERT INTO `rating`(`Rate_ID`, `Film_ID`) VALUES (2,4);
	INSERT INTO `rating`(`Rate_ID`, `Film_ID`) VALUES (5,4);
	INSERT INTO `rating`(`Rate_ID`, `Film_ID`) VALUES (4,4);
	INSERT INTO `rating`(`Rate_ID`, `Film_ID`) VALUES (4,4);
	
	INSERT INTO `rating`(`Rate_ID`, `Film_ID`) VALUES (2,5);
	INSERT INTO `rating`(`Rate_ID`, `Film_ID`) VALUES (2,5);
	INSERT INTO `rating`(`Rate_ID`, `Film_ID`) VALUES (5,5);
	INSERT INTO `rating`(`Rate_ID`, `Film_ID`) VALUES (5,5);
	INSERT INTO `rating`(`Rate_ID`, `Film_ID`) VALUES (5,5);
	
	INSERT INTO `rating`(`Rate_ID`, `Film_ID`) VALUES (4,6);
	INSERT INTO `rating`(`Rate_ID`, `Film_ID`) VALUES (4,6);
	INSERT INTO `rating`(`Rate_ID`, `Film_ID`) VALUES (4,6);
	
	INSERT INTO `rating`(`Rate_ID`, `Film_ID`) VALUES (3,7);
	INSERT INTO `rating`(`Rate_ID`, `Film_ID`) VALUES (2,7);
	INSERT INTO `rating`(`Rate_ID`, `Film_ID`) VALUES (4,7);
	INSERT INTO `rating`(`Rate_ID`, `Film_ID`) VALUES (4,7);
	INSERT INTO `rating`(`Rate_ID`, `Film_ID`) VALUES (4,7);
	
	
	INSERT INTO `rating`(`Rate_ID`, `Film_ID`) VALUES (1,8);
	INSERT INTO `rating`(`Rate_ID`, `Film_ID`) VALUES (5,8);
	INSERT INTO `rating`(`Rate_ID`, `Film_ID`) VALUES (3,8);
	INSERT INTO `rating`(`Rate_ID`, `Film_ID`) VALUES (4,8);
	
	INSERT INTO `rating`(`Rate_ID`, `Film_ID`) VALUES (1,9);
	INSERT INTO `rating`(`Rate_ID`, `Film_ID`) VALUES (5,9);
	INSERT INTO `rating`(`Rate_ID`, `Film_ID`) VALUES (5,9);
	
	INSERT INTO `rating`(`Rate_ID`, `Film_ID`) VALUES (5,10);
	INSERT INTO `rating`(`Rate_ID`, `Film_ID`) VALUES (3,10);
	
	INSERT INTO `rating`(`Rate_ID`, `Film_ID`) VALUES (2,11);
	INSERT INTO `rating`(`Rate_ID`, `Film_ID`) VALUES (5,11);
	INSERT INTO `rating`(`Rate_ID`, `Film_ID`) VALUES (4,11);
	INSERT INTO `rating`(`Rate_ID`, `Film_ID`) VALUES (3,11);

	
	INSERT INTO `work_film`(`Person_ID`, `Film_ID`) VALUES (16,1);
	INSERT INTO `work_film`(`Person_ID`, `Film_ID`) VALUES (17,2);
	INSERT INTO `work_film`(`Person_ID`, `Film_ID`) VALUES (18,3);
	INSERT INTO `work_film`(`Person_ID`, `Film_ID`) VALUES (19,4);
	INSERT INTO `work_film`(`Person_ID`, `Film_ID`) VALUES (20,5);
	INSERT INTO `work_film`(`Person_ID`, `Film_ID`) VALUES (20,6);
	INSERT INTO `work_film`(`Person_ID`, `Film_ID`) VALUES (19,7);
	INSERT INTO `work_film`(`Person_ID`, `Film_ID`) VALUES (18,8);
	INSERT INTO `work_film`(`Person_ID`, `Film_ID`) VALUES (17,9);
	INSERT INTO `work_film`(`Person_ID`, `Film_ID`) VALUES (16,10);
	INSERT INTO `work_film`(`Person_ID`, `Film_ID`) VALUES (15,11);